path_length,101.20000000000002,cummulative rotations,227,revisit_time,773.8717948717949
