path_length,103.40000000000002,cummulative rotations,227,revisit_time,781.2051282051283
