path_length,105.30000000000001,cummulative rotations,227,revisit_time,787.5384615384617
