path_length,103.00000000000001,cummulative rotations,227,revisit_time,779.8717948717949
