path_length,100.00000000000004,cummulative rotations,227,revisit_time,769.871794871795
