path_length,102.10000000000001,cummulative rotations,227,revisit_time,776.8717948717949
