path_length,103.20000000000002,cummulative rotations,227,revisit_time,780.5384615384617
