path_length,100.10000000000001,cummulative rotations,227,revisit_time,770.2051282051282
