path_length,100.95,cummulative rotations,43.98229715025711,revisit_time,421.0813406735714
