path_length,283.74999999999983,cummulative rotations,574,revisit_time,2049.6794871794864
