path_length,209.79999999999987,cummulative rotations,302,revisit_time,1280.1025641025635
