path_length,293.6999999999992,cummulative rotations,795,revisit_time,2507.846153846151
