path_length,261.3499999999997,cummulative rotations,322,revisit_time,1490.3974358974347
